{"cameraMode":{"drawMode":0,"name":"Shaded","section":"Shading Mode"},"sceneLighting":true,"audioPlay":false,"sceneViewState":{"showFog":true,"showMaterialUpdate":false,"showSkybox":false,"showFlares":true,"showImageEffects":true,"showParticleSystems":true,"showVisualEffectGraphs":true,"m_FxEnabled":true},"in2DMode":false,"pivot":{"x":-0.792472243309021,"y":2.6452836990356447,"z":-3.674222230911255},"rotation":{"x":0.30383551120758059,"y":0.0011457265354692937,"z":-0.0003421613946557045,"w":0.9527449011802673},"size":9.496024131774903,"orthographic":false}